0,form,92094746.png
1,form,0060165115.png
2,form,92657391.png
3,form,00860012_00860014.png
4,form,0011973451.png
5,form,81574683.png
6,form,0012529284.png
7,form,80707440_7443.png
8,form,0011838621.png
9,form,87682908.png
10,form,87672097.png
11,form,11875011.png
12,form,01122115.png
13,form,00866042.png
14,form,0001118259.png
15,form,00865872.png
16,form,81619511_9513.png
17,form,89867723.png
18,form,91974562.png
19,form,0011899960.png
20,form,71366499.png
21,form,71601299.png
22,form,92091873.png
23,form,81186212.png
24,form,0071032790.png
25,form,0001485288.png
26,form,93329540.png
27,form,0060094595.png
28,form,0060091229.png
29,form,00836244.png
30,form,71108371.png
31,form,89386032.png
32,form,81619486_9488.png
33,form,91355841.png
34,form,92586242.png
35,form,0060077689.png
36,form,92314414.png
37,form,91581919.png
38,form,0060007216.png
39,form,91356315.png
40,form,87533049.png
41,form,0030041455.png
42,form,12603270.png
43,form,0001463448.png
44,form,0060262650.png
45,form,12825369.png
46,form,91391286.png
47,form,00838511_00838525.png
48,form,82254638.png
49,form,00920294.png
50,form,91372360.png
51,form,00283813.png
52,form,0011859695.png
53,form,0060080406.png
54,form,80728670.png
55,form,0060302201.png
56,form,0060214859.png
57,form,89817999_8002.png
58,form,0060025670.png
59,form,0011505151.png
60,form,91361993.png
61,form,0000999294.png
62,form,80310840a.png
63,form,93380187.png
64,form,71202511.png
65,form,91391310.png
66,form,00093726.png
67,form,660978.png
68,form,92298125.png
69,form,91161344_91161347.png
70,form,0001209043.png
71,form,0001239897.png
72,form,13149651.png
73,form,88547278_88547279.png
74,form,91903177.png
75,form,0060270727.png
76,form,89368010.png
77,form,92039708_9710.png
78,form,0011974919.png
79,form,0071032807.png
80,form,92081358_1359.png
81,form,80718412_8413.png
82,form,0060255888.png
83,form,0001477983.png
84,form,81310636.png
85,form,01191071_1072.png
86,form,0000989556.png
87,form,01073843.png
88,form,92327794.png
89,form,00837285.png
90,form,91856041_6049.png
91,form,91939637.png
92,form,71206427.png
93,form,0012947358.png
94,form,0001476912.png
95,form,0011906503.png
96,form,0060024314.png
97,form,00920222.png
98,form,71190280.png
99,form,0060173256.png
100,form,0060308461.png
101,form,0011845203.png
102,form,91914407.png
103,form,93351929_93351931.png
104,form,0001463282.png
105,form,00851772_1780.png
106,form,0000971160.png
107,form,93455715.png
108,form,0060308251.png
109,form,93213298.png
110,form,0030031163.png
111,form,0060068489.png
112,form,0060000813.png
113,form,92433599_92433601.png
114,form,92094751.png
115,form,01197604.png
116,form,00836816.png
117,form,01408099_01408101.png
118,form,71341634.png
119,form,0011856542.png
120,form,0011976929.png
121,form,12052385.png
122,form,0001438955.png
123,form,0001123541.png
124,form,0060036622.png
125,form,00922237.png
126,form,0012529295.png
127,form,88057519.png
128,form,71563825.png
129,form,81749056_9057.png
130,form,716552.png
131,form,0012602424.png
132,form,0012199830.png
133,form,0001456787.png
134,form,0013255595.png
135,form,00040534.png
136,form,00070353.png
137,form,01150773_01150774.png
138,form,0060207528.png
139,form,91315069_91315070.png
140,form,0000990274.png
141,form,92657311_7313.png
142,form,0060029036.png
143,form,11508234.png
144,form,0001129658.png
145,form,0060136394.png
146,form,00851879.png
147,form,91104867.png
148,form,0012178355.png
